[
    {
        "id":0,
        "productName":"Rain Cloud Humidifier Aromatherapy Diffuser",
        "productNewPrice":"$14.99",
        "productImage":"https://assets.codepen.io/12009279/e156f2d8-c85c-44ea-9c12-f17f974f5205.jpg"


    },
    {
        "id":1,
        "productName":"Anti-gravity Air Humidifier",
        "productNewPrice":"$14.99",
        "productImage":"https://assets.codepen.io/12009279/d6a8cac1-129f-46e1-92b1-3ef7287042e8.jpg"


    },
    {
        "id":2,
        "productName":"Flame Aroma Diffuser",
        "productNewPrice":"$29.99",
        "productImage":"https://assets.codepen.io/12009279/01ed4fdf-25df-4189-9dc7-d216d7ccb471.jpg"


    }
]

