[
    {
        "id":0,
        "productName":"Light up Note Board",
        "productOldPrice":"$19.99",
        "productNewPrice":"$14.99",
        "productImage":"https://assets.codepen.io/12009279/99976ad5-28a2-4b16-bb56-e5d69c2fc698.jpg"


    },
    {
        "id":1,
        "productName":"Travel Neck Pillow",
        "productOldPrice":"$34.99",
        "productNewPrice":"$17.08",
        "productImage": "https://assets.codepen.io/12009279/6148b830-acad-406a-8d05-fd305d435a2d.jpg"
  
    },
    {
        "id":2,
        "productName":"I Love MY BOYFRIEND Sweatpants",
        "productOldPrice":"$24.99",
        "productNewPrice":"$17.82",
        "productImage":"https://assets.codepen.io/12009279/O1CN01aeU2Xi1UPAcCC3MUO_2215920132509-0-cib-6.jpg"

    },
    {
        "id":3,
        "productName":"Smart Rolling Cat Ball",
        "productOldPrice":"$25.99",
        "productNewPrice":"$18.57",
        "productImage":"https://assets.codepen.io/12009279/51lQT3U2-4L._AC_SX679_.jpg"

    },
    {
        "id":4,
        "productName":"Cat Steam Brush",
        "ProductOldPrice":"$27.99",
        "productNewPrice":"$20.03",
        "productImage":"https://assets.codepen.io/12009279/7e25a14d-4798-49c5-9552-33317d08c11b.jpg"
    },
    {
        "id":5,
        "productName":"Snorkeling Face Mask",
        "productOldPrice":"$39.99",
        "productNewPrice":"$25.25",
        "productImage":"https://assets.codepen.io/12009279/Snorkel-Underwater-Pic-watermark.png"
 
    }
]